id,name,gender,email,phone,city,age
1,Nealon Kennet,Male,nkennet0@techcrunch.com,9002102137,Qianguo,35
2,Ginger Whillock,Male,gwhillock1@ning.com,3594993403,Probolinggo,43
3,Kleon Renner,Male,krenner2@google.fr,1732616636,Yuanyang,36
4,Gorden De Cristofalo,Male,gde3@zdnet.com,3254859341,Tiên Lãng,33
5,Rolfe Kernan,Male,rkernan4@nationalgeographic.com,2768691611,Gongpo,25
6,Anni Braney,Female,abraney5@ibm.com,1914964767,Eirunepé,53
7,Amabelle Fallen,Female,afallen6@globo.com,9113895108,Shaami-Yurt,26
8,Lurleen Handaside,Female,lhandaside7@cisco.com,5946216396,Lidong,44
9,Garwood Starking,Male,gstarking8@cafepress.com,9671665100,Czarków,57
10,Annissa Hext,Female,ahext9@wisc.edu,5874682190,La Eduvigis,24
11,Jed Wiszniewski,Male,jwiszniewskia@cbsnews.com,2098767991,Canta,54
12,Clayborne Huncote,Male,chuncoteb@mysql.com,1415801307,Yengimahalla,21
13,Isaak Carnock,Male,icarnockc@auda.org.au,3881802208,Xinzhai,42
14,Quintin Raoul,Male,qraould@edublogs.org,9991215931,Jadowniki Mokre,44
15,Winfred Tilling,Male,wtillinge@hao123.com,3299865665,Ragana,60
16,Bail McGregor,Male,bmcgregorf@studiopress.com,5483821909,Wedoro,57
17,Selie Heinemann,Female,sheinemanng@eepurl.com,5589063274,Barra do Bugres,52
18,Giorgio Goodsall,Male,ggoodsallh@ifeng.com,2667162676,Hongcao,28
19,Brendan Millier,Male,bmillieri@fema.gov,8154654211,Ennery,56
20,Willy Lambot,Male,wlambotj@github.com,4033344503,Curuzú Cuatiá,58
21,Arnaldo Canceller,Male,acancellerk@github.io,7013686872,Jiepai,27
22,Logan Whatford,Male,lwhatfordl@go.com,3675448540,Anticala,52
23,Gorden Thow,Male,gthowm@japanpost.jp,2269114429,Yangsi,26
24,Debi Yegoshin,Female,dyegoshinn@google.cn,7658022541,Nowa Sarzyna,41
25,Hadria Leatham,Female,hleathamo@opensource.org,4555999657,Nishi-Tokyo-shi,22
26,Perkin Lafoy,Male,plafoyp@spotify.com,4539588575,Svilengrad,32
27,Matthaeus Scoyne,Male,mscoyneq@google.com.hk,4625791911,Sioguí Arriba,50
28,Berne Bignell,Male,bbignellr@ihg.com,6175900294,Boston,47
29,Cleon Zohrer,Male,czohrers@geocities.com,2829154849,Wiwilí,30
30,Alexandre Westcott,Male,awestcottt@liveinternet.ru,6754791359,Kanganpur,30
31,Sapphira Pringle,Female,springleu@nymag.com,4877062325,Welchman Hall,41
32,Ava Dearle-Palser,Female,adearlepalserv@bing.com,2177905125,Liloy,26
33,Tessie Labba,Female,tlabbaw@issuu.com,4284503999,Stockholm,23
34,Frederique Bristow,Female,fbristowx@etsy.com,5884754986,Opuwo,51
35,Dougy Cowpe,Male,dcowpey@cbc.ca,7187773957,Huili,58
36,Guillermo O'Toole,Male,gotoolez@java.com,7635438620,Maple Plain,57
37,Salomone Witty,Male,switty10@amazonaws.com,8972080319,Sakurai,27
38,Zelma Fordyce,Female,zfordyce11@tinypic.com,9619718569,Alvarães,30
39,Bernard Andrault,Male,bandrault12@jigsy.com,1987843166,Shicheng,59
40,Spencer McIndrew,Male,smcindrew13@oakley.com,8618412412,Mamfe,22
41,Tressa Beagan,Female,tbeagan14@hao123.com,6563662607,Ferkessédougou,43
42,Grover Setterfield,Male,gsetterfield15@ask.com,2238085638,Semënovskoye,31
43,Diana Tilston,Female,dtilston16@issuu.com,8777218840,Dowan,51
44,Florette Ralfe,Female,fralfe17@gizmodo.com,6878453845,Zhuxi,31
45,Steven Jakobsson,Male,sjakobsson18@indiegogo.com,6369403143,Dolinsk,59
46,Rosalia Woollin,Female,rwoollin19@livejournal.com,7646362105,Las Palmas,27
47,Stephine De Robertis,Female,sde1a@themeforest.net,4083158780,San Jose,29
48,Marti Vaz,Female,mvaz1b@alexa.com,9015045638,Wenshao,39
49,Kelcey MacNamee,Female,kmacnamee1c@omniture.com,4728935029,Zaniemyśl,46
50,Carissa Feaveryear,Female,cfeaveryear1d@dagondesign.com,3347309576,Dologon,50
51,Bernardina Ansill,Female,bansill1e@comsenz.com,6761264891,Maoping,20
52,Willetta Skepper,Female,wskepper1f@vimeo.com,1577361717,Guijalo,26
53,Elvera Dzenisenka,Female,edzenisenka1g@chicagotribune.com,5577956164,Santa Rita,49
54,Mada Early,Female,mearly1h@bing.com,2971776405,Esquina,59
55,Suzie Andrichak,Female,sandrichak1i@statcounter.com,8653890931,Bolondrón,43
56,Lindsey Grinnov,Female,lgrinnov1j@psu.edu,4263964648,Bābolsar,54
57,Piotr Primo,Male,pprimo1k@mayoclinic.com,1372614851,Yanghuxiang,23
58,Florian Cornthwaite,Male,fcornthwaite1l@nbcnews.com,8322960832,Angers,32
59,Gilli Soal,Female,gsoal1m@themeforest.net,8316091574,Dalu,52
60,Fan MacCrackan,Female,fmaccrackan1n@homestead.com,4142683984,Longvic,26
61,Tana Crauford,Female,tcrauford1o@issuu.com,5837748466,Sari,48
62,Gaye Chandlar,Female,gchandlar1p@friendfeed.com,7196663066,Krajan Siki,45
63,Emelda Bellsham,Female,ebellsham1q@moonfruit.com,2352613689,Avignon,54
64,Fianna Murfett,Female,fmurfett1r@msu.edu,2101934463,Ikryanoye,20
65,Boycey Carde,Male,bcarde1s@abc.net.au,6474919708,Pozuzo,60
66,Stafford Losemann,Male,slosemann1t@behance.net,2587219895,Eskilstuna,33
67,Gwenore Swinburne,Female,gswinburne1u@ezinearticles.com,7267655994,Lagos da Beira,42
68,Tommie Harrad,Male,tharrad1v@symantec.com,9685951285,Polkowice,27
69,Guntar Paulich,Male,gpaulich1w@umn.edu,6919334432,Gllogjan,56
70,Mellisa Hiddersley,Female,mhiddersley1x@g.co,2801139115,Dumalneg,45
71,Teirtza Halversen,Female,thalversen1y@tinyurl.com,6943679437,Zhongshanmen,56
72,Xena Satteford,Female,xsatteford1z@drupal.org,6709954413,Glugu,60
73,Morgana McClifferty,Female,mmcclifferty20@nbcnews.com,1955114139,Acolla,43
74,Gavan Sage,Male,gsage21@hexun.com,6309804894,Lubao,46
75,Davita Lambourne,Female,dlambourne22@hao123.com,7349611897,Torbay,20
76,Taddeo Danilov,Male,tdanilov23@sohu.com,3237446639,Miguel Hidalgo,56
77,Daisy Thorne,Female,dthorne24@cnn.com,2205576321,Semenivka,37
78,Tuesday Mortlock,Female,tmortlock25@nih.gov,8293273877,Tužno,54
79,Noel Sandom,Male,nsandom26@china.com.cn,2794767792,Kambingan,40
80,Willy Moro,Female,wmoro27@w3.org,9725098048,Denton,48
81,Ginnie Batchelor,Female,gbatchelor28@xing.com,9543916415,Lipiany,45
82,Eberhard Sidon,Male,esidon29@mysql.com,8986881723,Guia,54
83,Pen Dootson,Female,pdootson2a@unesco.org,7173047938,Yaurisque,53
84,Magda Binney,Female,mbinney2b@tinypic.com,4474449062,Loujiadian,40
85,Magdalena Andreotti,Female,mandreotti2c@bbb.org,5039527545,Linköping,23
86,Clary McKleod,Female,cmckleod2d@mysql.com,9006789329,La Plata,43
87,Cristen Baldam,Female,cbaldam2e@homestead.com,4494779550,Mambi,52
88,Trevor Mainland,Male,tmainland2f@va.gov,1184890842,Lewo,26
89,Madeleine McKay,Female,mmckay2g@sogou.com,5952933186,Tapel,49
90,Phil Wilds,Female,pwilds2h@google.com.hk,7474774514,Fengcheng,42
91,Allis Timeby,Female,atimeby2i@w3.org,8872670162,Planeta Rica,49
92,Marcie Goodram,Female,mgoodram2j@zdnet.com,3185567732,Shreveport,35
93,Terese Hayer,Female,thayer2k@noaa.gov,6604125738,Jatirejo,23
94,Linnet Fosken,Female,lfosken2l@thetimes.co.uk,7627580530,Río Tercero,60
95,Mathian Madders,Male,mmadders2m@yale.edu,8594046320,Kalahang,53
96,Sanford Ineson,Male,sineson2n@google.fr,7472662086,Wenchang,31
97,Siffre Matonin,Male,smatonin2o@yandex.ru,9917018164,Irasan,27
98,Durante Woakes,Male,dwoakes2p@upenn.edu,3939771734,Bianba,20
99,Maury Mattiello,Male,mmattiello2q@epa.gov,6281311032,Luna,42
100,Renata Doyland,Female,rdoyland2r@arstechnica.com,2113579203,Domoni,29
101,Nolie De Bell,Female,nde2s@drupal.org,7392751242,Draginje,35
102,Caryl Lambswood,Female,clambswood2t@technorati.com,1496731737,Reims,23
103,Marlyn Taffe,Female,mtaffe2u@home.pl,5795054634,Labrador,49
104,Phaedra Levene,Female,plevene2v@youku.com,4388482160,Arendal,51
105,Perle Windaybank,Female,pwindaybank2w@intel.com,3243545220,Marathókampos,31
106,Errol Janauschek,Male,ejanauschek2x@ameblo.jp,7628515587,Purral,28
107,Henri Baleine,Male,hbaleine2y@goodreads.com,5562178156,Honglin,49
108,Allsun Rotte,Female,arotte2z@goo.gl,7492097378,Gurinai,31
109,Rowena Inett,Female,rinett30@bigcartel.com,3508363886,Shanghu,47
110,Even Goulborn,Male,egoulborn31@wisc.edu,1176814663,Al ‘Alamayn,34
111,Ram Tidridge,Male,rtidridge32@sun.com,1952429345,Nginjen,40
112,Lorrin Langmuir,Female,llangmuir33@linkedin.com,1322624353,Panalanoy,22
113,Rupert Esche,Male,resche34@ihg.com,4513761134,Nīkshahr,60
114,Karna Pattillo,Female,kpattillo35@chron.com,9633387215,Biwer,26
115,Carolynn Hauxley,Female,chauxley36@issuu.com,1686268604,Polonne,50
116,Leeland Vickarman,Male,lvickarman37@bbc.co.uk,7985314024,Kanluran,46
117,Lyssa Hillburn,Female,lhillburn38@nyu.edu,5387082276,Panay,33
118,Torrin Charleston,Male,tcharleston39@flavors.me,6983457332,Kose,29
119,Chris McDiarmid,Female,cmcdiarmid3a@reddit.com,1179588647,Jinjiang,49
120,Antoine Boss,Male,aboss3b@usgs.gov,1598495899,Foros de Salvaterra,59
121,Johnna Sevier,Female,jsevier3c@parallels.com,7588062814,Västra Frölunda,24
122,Jane Nesterov,Female,jnesterov3d@cisco.com,9404592249,Macabugos,51
123,Annelise Wollers,Female,awollers3e@last.fm,9278117057,Daigo,40
124,Abigale Glowacha,Female,aglowacha3f@netlog.com,3885073063,Pagangan,54
125,Bernadine Gavrieli,Female,bgavrieli3g@wikispaces.com,5456971660,Centre de Flacq,53
126,Tracie Edgson,Female,tedgson3h@walmart.com,1096216387,Taloqan,40
127,Benjie McAllister,Male,bmcallister3i@princeton.edu,3342316393,Az Ziyārah,30
128,Aymer Dallosso,Male,adallosso3j@netvibes.com,2364243293,Sabaneta,41
129,Marsh Mc Trusty,Male,mmc3k@comcast.net,9147551274,Aniso,42
130,Hakeem Bayles,Male,hbayles3l@guardian.co.uk,1653599792,Baranoa,28
131,Jenelle Shucksmith,Female,jshucksmith3m@wikispaces.com,9474957459,Almafuerte,51
132,Peta Mantha,Female,pmantha3n@newyorker.com,2581792916,Nam Phong,42
133,Fannie Annable,Female,fannable3o@friendfeed.com,8272155362,Sinop,52
134,Garald Osborne,Male,gosborne3p@princeton.edu,6587823485,Mao’er,59
135,Nicholle Lamberton,Female,nlamberton3q@umich.edu,7717422358,Posadas,35
136,Adi Duell,Female,aduell3r@amazon.de,4342199006,Paghmān,31
137,Buffy MacRinn,Female,bmacrinn3s@sfgate.com,7661765139,Kantharalak,50
138,Birk Butlin,Male,bbutlin3t@freewebs.com,5645037909,Nanganga,58
139,Stanleigh Kocher,Male,skocher3u@51.la,2442886819,Kryvyy Rih,46
140,Walden Faltskog,Male,wfaltskog3v@nationalgeographic.com,8499491359,Borogontsy,32
141,Elyse Rawlcliffe,Female,erawlcliffe3w@bloomberg.com,9876048812,Liboran,33
142,Cal Duckwith,Male,cduckwith3x@nifty.com,2711785365,Konstantinovo,28
143,David Gell,Male,dgell3y@zimbio.com,4489403602,Zabrat,28
144,Irina Baumann,Female,ibaumann3z@hhs.gov,6184348474,Hotonj,35
145,Samson Dumbrell,Male,sdumbrell40@e-recht24.de,8129583996,Conde,38
146,Minerva Wheeldon,Female,mwheeldon41@360.cn,6687867639,Isdalstø,24
147,Edy Issit,Female,eissit42@netlog.com,5543689127,Watuweri,38
148,Archie Bisson,Male,abisson43@nih.gov,8554564867,Kopral,27
149,Alexio Milella,Male,amilella44@bbc.co.uk,4752659042,Stockholm,58
150,Elisabeth Veall,Female,eveall45@icio.us,2402100803,Hoeyang,20
151,Jamie Matteris,Female,jmatteris46@tmall.com,7017837692,Västervik,52
152,Angelika Ivanovic,Female,aivanovic47@go.com,4284633953,Zhiqu,38
153,Herve Denys,Male,hdenys48@hc360.com,5215747004,Huiwan,48
154,Hailee Brimham,Female,hbrimham49@digg.com,7482852132,Paingar,38
155,Bevon Hallstone,Male,bhallstone4a@scientificamerican.com,7252372838,Kosaya Gora,49
156,Elyse Fosdick,Female,efosdick4b@w3.org,7954356578,Mineiros,47
157,Franzen Tamburi,Male,ftamburi4c@huffingtonpost.com,6414451246,Donggaocun,48
158,Salomi Fenner,Female,sfenner4d@google.pl,7564623340,Aţ Ţafīlah,29
159,Rodd Sullens,Male,rsullens4e@woothemes.com,9175131734,Flushing,45
160,Lurleen Sibbons,Female,lsibbons4f@mit.edu,5817027660,Pingba,54
161,Ly Desouza,Male,ldesouza4g@epa.gov,1492945172,Qiancang,21
162,Evin Gobourn,Male,egobourn4h@theguardian.com,4391174428,Gaopeng,23
163,Alix Boothebie,Male,aboothebie4i@census.gov,1911813014,Lyubotyn,55
164,Maye Renouf,Female,mrenouf4j@clickbank.net,1148731164,Modot,47
165,Mart Kentish,Male,mkentish4k@webeden.co.uk,7786779652,Fakaifou Village,21
166,Tabb Schober,Male,tschober4l@paginegialle.it,9508862406,Pakemitan,40
167,Della Devenport,Female,ddevenport4m@google.it,8729140985,Niort,34
168,Adele Rosendahl,Female,arosendahl4n@gizmodo.com,1373453646,Velika,40
169,Sherwynd Ower,Male,sower4o@sfgate.com,2357511592,Wenfeng Zhen,30
170,Louisette Carwithan,Female,lcarwithan4p@chron.com,3336084381,Morinville,36
171,Stacy Bevens,Female,sbevens4q@nature.com,3164753672,Skurup,57
172,Dew Tuvey,Male,dtuvey4r@ucla.edu,1831975359,Tenjolaya,45
173,Gert Albert,Female,galbert4s@about.me,9528361757,Bijeli,22
174,Parrnell Pigot,Male,ppigot4t@odnoklassniki.ru,7834656347,San Sebastian,41
175,Martin Bruton,Male,mbruton4u@wunderground.com,2244665527,Buri,49
176,Inna Santoro,Female,isantoro4v@weibo.com,6126813986,Honglin,52
177,Amy Delatour,Female,adelatour4w@stumbleupon.com,5305095944,Oslo,56
178,Maressa Arran,Female,marran4x@goo.gl,3602268560,Västervik,49
179,Romeo Slopier,Male,rslopier4y@ucoz.com,1941670974,Mongar,31
180,Abram Raddish,Male,araddish4z@clickbank.net,2059968456,Tatariv,59
181,Zilvia Egel,Female,zegel50@nytimes.com,2909367519,Tolbazy,57
182,Sibeal Orneblow,Female,sorneblow51@a8.net,6056978286,Västerås,22
183,My Grinstead,Male,mgrinstead52@weebly.com,6391723461,Ust’-Koksa,42
184,Raleigh Guerrero,Male,rguerrero53@barnesandnoble.com,6493149935,Dietaisi,29
185,Blaine Bielfelt,Male,bbielfelt54@addtoany.com,5436038821,Boyle,33
186,Phyllis Duffyn,Female,pduffyn55@paginegialle.it,7391570420,Lotoshino,41
187,Ryun Mellodey,Male,rmellodey56@ed.gov,1324050024,Sępólno Krajeńskie,46
188,Liana Paulich,Female,lpaulich57@cornell.edu,5915419588,Pereslavl’-Zalesskiy,30
189,Edmund Gibbens,Male,egibbens58@theglobeandmail.com,2619298367,Gyeongsan-si,20
190,Nerissa Lavrinov,Female,nlavrinov59@w3.org,4838664323,Libiąż,46
191,D'arcy Gronaver,Male,dgronaver5a@webmd.com,8547901427,Ban Lŭng,54
192,Aurie Richens,Female,arichens5b@xinhuanet.com,8575690806,Bardaskan,37
193,Traci McNellis,Female,tmcnellis5c@japanpost.jp,5919341537,Gaoua,29
194,Vally Devigne,Female,vdevigne5d@xinhuanet.com,5788970798,Keli,51
195,Massimiliano Simmon,Male,msimmon5e@seattletimes.com,2158031099,Astara,38
196,Dion Stutard,Female,dstutard5f@is.gd,5985054373,Beihe,22
197,Jelene Tuther,Female,jtuther5g@wisc.edu,5573917250,Madrid,25
198,Zachariah Hatt,Male,zhatt5h@sbwire.com,4499046851,Batulenger Barat,50
199,Barri Wilde,Male,bwilde5i@simplemachines.org,7745428408,Luotaping,30
200,Elvin Ellice,Male,eellice5j@arizona.edu,9361324464,Longford,24
201,Cammi Idney,Female,cidney5k@dyndns.org,6611337139,Ala-Buka,47
202,Calley Coard,Female,ccoard5l@unblog.fr,7439263290,Sadabe,56
203,Ches Stickney,Male,cstickney5m@nbcnews.com,8131551400,Tampa,35
204,Herve Retallack,Male,hretallack5n@statcounter.com,1906595701,Hayes,37
205,Patton Franz-Schoninger,Male,pfranzschoninger5o@ox.ac.uk,1654379454,Gorbatovka,32
206,Mike Nelle,Male,mnelle5p@rediff.com,7024178598,Concepción,36
207,Magda Mancktelow,Female,mmancktelow5q@buzzfeed.com,9108884012,Svobody,21
208,Brnaby Guiver,Male,bguiver5r@storify.com,3535235035,Abuochiche,47
209,Perri Glasscoe,Female,pglasscoe5s@economist.com,4927856824,Taishanmiao,53
210,Allissa Riggs,Female,ariggs5t@cnbc.com,8738553874,Yanglin,25
211,Allard Kimmons,Male,akimmons5u@google.ca,3858257871,Settat,23
212,Glen Castellanos,Male,gcastellanos5v@wired.com,8562554298,Serra de Água,37
213,Addie Greenly,Female,agreenly5w@umich.edu,2001794491,Si Prachan,36
214,Elle Halfhead,Female,ehalfhead5x@apache.org,4069475073,Youfang,54
215,Ermin Fishleigh,Male,efishleigh5y@tripadvisor.com,7679934815,Uchimaru,27
216,Cele Corrigan,Female,ccorrigan5z@biglobe.ne.jp,6571071909,Barueri,22
217,Janela Fulle,Female,jfulle60@tripadvisor.com,3149263480,Yuelai,53
218,Fairlie Lawlan,Male,flawlan61@diigo.com,6803220563,Koina,35
219,Vanessa Crew,Female,vcrew62@ask.com,9849750722,Tân Việt,30
220,Stanleigh Brightman,Male,sbrightman63@nifty.com,1916363941,Iznoski,42
221,Kerrin Gallagher,Female,kgallagher64@toplist.cz,9031719120,Pingshui,51
222,Sybilla Deluze,Female,sdeluze65@mlb.com,1333094503,Chabany,28
223,Staci Pennicott,Female,spennicott66@dailymail.co.uk,9263469222,Coronda,36
224,Sephira Polly,Female,spolly67@msu.edu,2779372593,Sainte-Sophie,29
225,Sergent Fanti,Male,sfanti68@google.it,1053160053,Querobamba,41
226,Monika Botfield,Female,mbotfield69@youku.com,3939107363,Dalgān,55
227,Dian Matevosian,Female,dmatevosian6a@admin.ch,4055405449,Daguo,27
228,Petr Milward,Male,pmilward6b@ebay.co.uk,7116362069,Juatuba,30
229,Burnaby Aust,Male,baust6c@gov.uk,4679119024,Ciudad Cortés,48
230,Randie Izaac,Female,rizaac6d@mayoclinic.com,7038658595,Beijós,39
231,Marian Budgeon,Female,mbudgeon6e@tiny.cc,6939563520,Chengnan,57
232,Antone Eames,Male,aeames6f@goo.ne.jp,4618024887,Hidalgo,24
233,Blinni M'Quharg,Female,bmquharg6g@netscape.com,1122025176,Sipe Sipe,47
234,Siouxie Tomes,Female,stomes6h@latimes.com,2726066142,Saparua,39
235,Carolee Ceaser,Female,cceaser6i@networksolutions.com,7253393644,Ampara,22
236,Berny Braven,Female,bbraven6j@chron.com,1079811296,Padangtepung,46
237,Parrnell Jockle,Male,pjockle6k@nba.com,3891305140,Banjar Danginsema,31
238,Sibelle Dowding,Female,sdowding6l@163.com,1823462862,Kímolos,43
239,Natal Burgot,Male,nburgot6m@youtube.com,7251373112,Osby,56
240,Karisa Longmate,Female,klongmate6n@google.com.br,4944757863,Powidz,48
241,Libby Sheryne,Female,lsheryne6o@studiopress.com,4207210952,Ban Thaen,46
242,Ruthy Livett,Female,rlivett6p@nationalgeographic.com,5221804179,Sigiriya,31
243,Drucill Frigout,Female,dfrigout6q@e-recht24.de,7206293385,Ad Darbāsīyah,32
244,Fidole Millson,Male,fmillson6r@china.com.cn,2378784997,Santa Bárbara d'Oeste,27
245,Latrina Scarsbrook,Female,lscarsbrook6s@studiopress.com,9896493393,Tojeira,21
246,Jessey Iacovucci,Male,jiacovucci6t@mediafire.com,3067573741,Rio do Sul,55
247,Maurine Whistan,Female,mwhistan6u@so-net.ne.jp,2487543001,Cawayan,29
248,Friedrick Blakden,Male,fblakden6v@over-blog.com,4985157646,Nowe Miasto,46
249,Vernor Cordelette,Male,vcordelette6w@forbes.com,2686487658,Cangkringan,47
250,Cammi Neeson,Female,cneeson6x@salon.com,1353573618,Skerries,22
251,Chev Bisacre,Male,cbisacre6y@msn.com,3249500924,Hechuan,50
252,Pansie Grimwade,Female,pgrimwade6z@pagesperso-orange.fr,6299480727,Kacha,31
253,Ann-marie Hollingsbee,Female,ahollingsbee70@chicagotribune.com,8034154541,Pangapisan,25
254,August Wilcocks,Male,awilcocks71@ucoz.ru,6761643976,Sindangheula,25
255,Silva Bresland,Female,sbresland72@nytimes.com,8337374015,Roissy Charles-de-Gaulle,55
256,Geoff Simony,Male,gsimony73@chron.com,4434921273,Nantes,31
257,Emmett Gorini,Male,egorini74@yandex.ru,9076589458,Agualva de Cima,32
258,Orin Maggs,Male,omaggs75@amazon.co.uk,8153483620,Santo Domingo,23
259,Hallsy Guthrie,Male,hguthrie76@unblog.fr,3627587873,Ubud,27
260,Brenden Aime,Male,baime77@upenn.edu,4077535385,Ojo de Agua,38
261,Calhoun Akram,Male,cakram78@goo.gl,9901147326,Belén de los Andaquíes,26
262,Matelda Tombleson,Female,mtombleson79@wufoo.com,2107329893,Wiphawadi,23
263,Joshia Leads,Male,jleads7a@ihg.com,6844448846,Taphan Hin,27
264,Bryn Elverston,Male,belverston7b@icq.com,4476471275,Yuecheng,41
265,Westbrooke Zute,Male,wzute7c@networksolutions.com,1441468182,Malikisi,35
266,Mitchel Trangmar,Male,mtrangmar7d@tmall.com,6635043610,Şurmān,60
267,Alec Richard,Male,arichard7e@pen.io,7253671054,Shuiying,24
268,Dewitt Stringfellow,Male,dstringfellow7f@answers.com,6807095775,Lewoluo,28
269,Camala Siggins,Female,csiggins7g@nymag.com,6964850318,Nishinomiya-hama,53
270,Harper Fateley,Male,hfateley7h@histats.com,8657879151,Catanduva,54
271,Taffy Lissenden,Female,tlissenden7i@toplist.cz,4877701625,Sanyang,20
272,Elfrida Awcock,Female,eawcock7j@washingtonpost.com,3362690045,Orekhovo-Zuyevo,54
273,Morgen Asche,Male,masche7k@forbes.com,8412436161,Oslo,60
274,Astra Worthing,Female,aworthing7l@prlog.org,4097325120,Baikui,45
275,Daryl Shillam,Male,dshillam7m@wikimedia.org,4698931321,Baculongan,58
276,Marylin McKeveney,Female,mmckeveney7n@ucoz.com,5321140921,Radès,23
277,Jaime Venton,Female,jventon7o@de.vu,7165113174,Klampok,58
278,Ky Coakley,Male,kcoakley7p@admin.ch,7754294641,Sparks,43
279,Saxe Eckart,Male,seckart7q@bbb.org,2424905741,Zaymishche,55
280,Evangelin Gayler,Female,egayler7r@salon.com,2158860479,Ilebo,40
281,Hansiain Middis,Male,hmiddis7s@guardian.co.uk,1083485293,Plavsk,60
282,Ulric Von Helmholtz,Male,uvon7t@google.com.au,6603581223,Linköping,39
283,Trisha Stonard,Female,tstonard7u@blinklist.com,8099920562,Lixin,33
284,Norry Greening,Male,ngreening7v@infoseek.co.jp,7773266143,Nongoma,46
285,Dorothea Whitear,Female,dwhitear7w@prlog.org,6912802339,Sumberagung,45
286,Bastien Heaysman,Male,bheaysman7x@weather.com,5773845394,Ruoqiang,29
287,Annissa Elmhurst,Female,aelmhurst7y@qq.com,2572792010,Dzvinogrud,21
288,Karney McKean,Male,kmckean7z@hatena.ne.jp,7802554255,Pitai,51
289,Beatrisa Gratrix,Female,bgratrix80@kickstarter.com,3048322656,Ballymun,25
290,Klemens Kalderon,Male,kkalderon81@state.tx.us,3366970117,Cabanas,57
291,Sydney de Almeida,Female,sde82@time.com,7074610477,Petaluma,40
292,Robert Cripwell,Male,rcripwell83@omniture.com,4302959907,Qianguo,25
293,Modestine Fearfull,Female,mfearfull84@illinois.edu,9872191610,Bajomulyo,31
294,Trudi Brett,Female,tbrett85@intel.com,5665211674,Arcangel,44
295,Franklin Gallandre,Male,fgallandre86@businessinsider.com,7302739962,Hujiaying,31
296,Teresina Fazackerley,Female,tfazackerley87@zdnet.com,4566106018,Hejiayan,27
297,Dallis Barkly,Male,dbarkly88@ft.com,1644801760,Bayḩān,29
298,Herb MacConchie,Male,hmacconchie89@amazon.co.jp,1335572589,Songculan,58
299,Christiano Offill,Male,coffill8a@shareasale.com,2084520558,Peresvet,49
300,Marylin Schwieso,Female,mschwieso8b@youku.com,9607446271,Dromiskin,56
301,Demeter Labet,Female,dlabet8c@dailymail.co.uk,4606185996,Komsomolets,20
302,Avigdor Massingberd,Male,amassingberd8d@google.ru,5759418037,Letovice,35
303,Worth Pischel,Male,wpischel8e@msu.edu,1573234979,Yisa,30
304,Hanan Aldham,Male,haldham8f@lycos.com,5832109433,Kyonju,38
305,Hugibert Cramond,Male,hcramond8g@hud.gov,1374874577,Bình Thủy,50
306,Loree McCraine,Female,lmccraine8h@example.com,1178533297,Åkersberga,35
307,Rube Orro,Male,rorro8i@hibu.com,9148106788,Klichaw,59
308,Carmela Gash,Female,cgash8j@nationalgeographic.com,8734027361,Tsimlyansk,26
309,Reider Nel,Male,rnel8k@blogger.com,3305380114,Nusajaya,27
310,Rahel Scimoni,Female,rscimoni8l@mtv.com,9981305431,Yangxi,37
311,Raye Glawsop,Female,rglawsop8m@wired.com,6945702386,Golčův Jeníkov,21
312,Charlot Klimas,Female,cklimas8n@phoca.cz,5835424403,Filiátes,53
313,Urbain Close,Male,uclose8o@ft.com,4599590911,Humen,48
314,Guss Crafts,Male,gcrafts8p@parallels.com,4273940228,Verkhniye Kigi,23
315,Brenn Battabee,Female,bbattabee8q@spiegel.de,1331219739,La Rochelle,36
316,Andrus Trimble,Male,atrimble8r@hugedomains.com,9289547012,Fasi,20
317,Roch Desforges,Female,rdesforges8s@ft.com,7398469612,Breia,60
318,Dorian Rysom,Male,drysom8t@geocities.jp,6529957913,Pamarayan,60
319,Ange Overlow,Male,aoverlow8u@booking.com,6784215567,Yuscarán,52
320,Yorgo Spoole,Male,yspoole8v@youtube.com,9652373634,Dalianhe,57
321,Salvatore Wordesworth,Male,swordesworth8w@gravatar.com,6638408937,Las Palmas,44
322,Galvan Behninck,Male,gbehninck8x@cnet.com,2202924204,Boluo,43
323,Fidelio Avent,Male,favent8y@blogtalkradio.com,9111845225,Pateros,50
324,Vivyanne Antoszewski,Female,vantoszewski8z@creativecommons.org,9251778858,Puteran Kidul,20
325,Portie Demare,Male,pdemare90@icio.us,4598070156,Casimiro de Abreu,41
326,Vinni Cawdery,Female,vcawdery91@ucoz.com,4192141225,Tanabi,47
327,Haydon Sokell,Male,hsokell92@drupal.org,9191495705,Kamieniec,43
328,Pat Gateley,Male,pgateley93@a8.net,9232714955,Tabanan,44
329,Arel Nanetti,Male,ananetti94@com.com,9522978467,Pedra Azul,35
330,Mariya Pethick,Female,mpethick95@altervista.org,9375240736,Shiyu,41
331,Kassie Berre,Female,kberre96@ovh.net,1631690881,Srbinovo,33
332,Morganica Gandey,Female,mgandey97@google.com.br,6969821521,Mugi,32
333,Aggie McGowan,Female,amcgowan98@google.it,2465761489,Marseille,55
334,Audrie Scarsbrooke,Female,ascarsbrooke99@soup.io,5914782529,Heku,39
335,Benedikt Jacob,Male,bjacob9a@howstuffworks.com,7669867348,Tengger,45
336,Yolanthe Diwell,Female,ydiwell9b@angelfire.com,5235992899,Wartburg,44
337,Way Maund,Male,wmaund9c@npr.org,8284780779,Zmiyëvka,26
338,Zeke Gonsalvo,Male,zgonsalvo9d@163.com,7281184348,Rozhniv,46
339,Austine Danielsohn,Female,adanielsohn9e@weather.com,7841827618,Hualingang,55
340,Joaquin Barbey,Male,jbarbey9f@cam.ac.uk,4231589978,Alto Río Senguer,46
341,Allister Filipson,Male,afilipson9g@hexun.com,4894948405,Črenšovci,43
342,Jilly Enticott,Female,jenticott9h@cnn.com,8856843396,Tawaramoto,51
343,Georgy Simeoli,Male,gsimeoli9i@wix.com,8879944983,Bagulin,54
344,Rollo Shanklin,Male,rshanklin9j@epa.gov,7801293154,Yur’yev-Pol’skiy,30
345,Franzen Tosh,Male,ftosh9k@rediff.com,7106954399,General Lavalle,34
346,Hieronymus Rupp,Male,hrupp9l@washington.edu,1039402689,Thamaga,27
347,Arlinda Beaushaw,Female,abeaushaw9m@state.gov,7638061228,Hongxing,21
348,Elise Nozzolinii,Female,enozzolinii9n@jugem.jp,7805648405,Paris 08,57
349,Wynn Linney,Female,wlinney9o@mail.ru,6867245321,Dimitrovgrad,59
350,Flss Windsor,Female,fwindsor9p@trellian.com,4317482378,Santo Domingo,32
351,Phelia Itzhak,Female,pitzhak9q@nature.com,6898238562,Miřetice,54
352,Tami Dormer,Female,tdormer9r@archive.org,9537796505,Solţānābād,51
353,Stanton Ferreras,Male,sferreras9s@nps.gov,7357122303,Gorgān,27
354,Tades Edgeson,Male,tedgeson9t@domainmarket.com,2165529223,Berlin,34
355,Akim Bonhome,Male,abonhome9u@eepurl.com,3659736473,Soutelo,48
356,Darci Alelsandrovich,Female,dalelsandrovich9v@marriott.com,3747451997,Martyush,46
357,Georgeanna Gething,Female,ggething9w@prweb.com,3604304511,Keroak,35
358,Berk Cringle,Male,bcringle9x@wix.com,4604870177,Lukou,59
359,Giraud Baker,Male,gbaker9y@nyu.edu,9264870316,Kirkland,39
360,Lewie Hayball,Male,lhayball9z@theglobeandmail.com,8561865190,Tambaksari,41
361,Karlan Fick,Male,kficka0@blogspot.com,5117536523,Újezd,50
362,Linnell Godsal,Female,lgodsala1@flickr.com,8858964185,Skhira,56
363,Linnet Antuk,Female,lantuka2@webeden.co.uk,4653257805,Sangatta,49
364,Elane Franzotto,Female,efranzottoa3@mapy.cz,5232569926,Kambaxoi,43
365,Doroteya La Grange,Female,dlaa4@jiathis.com,6994566410,Xiangjiazhai,53
366,Adrienne Phythian,Female,aphythiana5@webnode.com,9155657857,Dawan,36
367,Elisha Parlor,Female,eparlora6@businessinsider.com,8128315983,Kostyantynivka,49
368,Marti Towhey,Female,mtowheya7@hubpages.com,7916784643,Stockholm,60
369,Kevina Lucius,Female,kluciusa8@bloomberg.com,7592232676,Aliaga,44
370,Martynne Baggelley,Female,mbaggelleya9@adobe.com,4164347832,Metu,54
371,Locke Upham,Male,luphamaa@delicious.com,1458920246,Söderköping,40
372,Mandy Calbrathe,Female,mcalbratheab@europa.eu,4975551671,Pathum Ratchawongsa,40
373,Fred Schoenfisch,Male,fschoenfischac@eepurl.com,4746605987,Leninskiy,25
374,Sharity Trusler,Female,struslerad@google.com.hk,7699598509,Charenton-le-Pont,51
375,Cathrin Dohmann,Female,cdohmannae@hp.com,2693471479,Melipilla,20
376,Garrik Mourbey,Male,gmourbeyaf@squarespace.com,5051366028,Nkhotakota,53
377,Hamilton Stroton,Male,hstrotonag@cbslocal.com,9997758332,Tiguion,39
378,Briggs Grandham,Male,bgrandhamah@springer.com,1026869459,Świeradów-Zdrój,50
379,Brandais Winterson,Female,bwintersonai@last.fm,7664755698,Saint-Denis,54
380,Sheppard Alps,Male,salpsaj@va.gov,8567211418,Qinghu,30
381,Hedda Dominey,Female,hdomineyak@nytimes.com,3295757504,Lyon,53
382,Bartolomeo Stopp,Male,bstoppal@umich.edu,9104429520,Caringin,45
383,Minette Andrelli,Female,mandrelliam@printfriendly.com,6017471157,Nginjen,26
384,Robinet Hamly,Male,rhamlyan@furl.net,4174582075,Bulungu,54
385,Candide Van den Velden,Female,cvanao@reference.com,2394780517,Az Zabadānī,37
386,Corey Daniaud,Male,cdaniaudap@dailymail.co.uk,4827513968,Shigutang,26
387,Hughie Barzen,Male,hbarzenaq@liveinternet.ru,1437942677,Mozirje,57
388,Albie Pordal,Male,apordalar@stanford.edu,1751820894,Wangjiachang,50
389,Lyman Tolmie,Male,ltolmieas@instagram.com,8074720912,Thị Trấn Ngọc Lặc,21
390,Wrennie Francom,Female,wfrancomat@usda.gov,4081992947,Vredenburg,56
391,Ericha Shillington,Female,eshillingtonau@mayoclinic.com,1154919511,Fort Macleod,42
392,Marven Dauncey,Male,mdaunceyav@house.gov,7404182350,Cortes,55
393,Marty Watting,Male,mwattingaw@spotify.com,9563454370,Pyskowice,24
394,Mozelle Simionescu,Female,msimionescuax@princeton.edu,3114209606,San Francisco,43
395,Donnell Kirman,Male,dkirmanay@edublogs.org,6028500499,Kallíthiron,41
396,Zackariah Frichley,Male,zfrichleyaz@w3.org,7501425785,Kuala Terengganu,22
397,Jeane Stienton,Female,jstientonb0@bloglines.com,6906822484,Volochys’k,37
398,Barn Blastock,Male,bblastockb1@wordpress.org,7889802579,Asahikawa,24
399,Moselle Secretan,Female,msecretanb2@example.com,6739634111,Ciherang,30
400,Dan Jablonski,Male,djablonskib3@ftc.gov,1016485339,Yanqi,25
401,Ines Gather,Female,igatherb4@51.la,4804500750,Batutulis,20
402,Merrie L'Archer,Female,mlarcherb5@youku.com,7873226706,Bom Jesus da Lapa,38
403,Ashely Corbyn,Female,acorbynb6@accuweather.com,3831155491,Velká Dobrá,21
404,Demetrius Ephgrave,Male,dephgraveb7@illinois.edu,4747309474,Santiago del Estero,45
405,Bernelle Durek,Female,bdurekb8@dmoz.org,2777642947,Kesabpur,25
406,Chere Petters,Female,cpettersb9@timesonline.co.uk,2864088935,Arrabal,27
407,Goraud Flanne,Male,gflanneba@tripod.com,2119983412,Kapsan-ŭp,36
408,Dov Loeber,Male,dloeberbb@unicef.org,3207885038,Zbiroh,46
409,Milena Tranter,Female,mtranterbc@tripadvisor.com,9891938887,Karangasem,38
410,Nixie Neissen,Female,nneissenbd@microsoft.com,2026098304,Washington,49
411,Melania Gannicleff,Female,mgannicleffbe@alexa.com,3597167891,Lennec,35
412,Tommi Grigorushkin,Female,tgrigorushkinbf@nbcnews.com,5485366336,Lueng Putu,50
413,Barnett Baterip,Male,bbateripbg@shutterfly.com,9747917972,Beiqijia,53
414,Scotty Gerok,Male,sgerokbh@fc2.com,2876613755,Hongxing,21
415,Wolfgang Cawsby,Male,wcawsbybi@tamu.edu,3401716151,Papeete,30
416,Marten Pattinson,Male,mpattinsonbj@github.com,4856297898,Spandaryan,34
417,Ari Waddilove,Male,awaddilovebk@boston.com,5544504284,Palaiomonástiron,47
418,Lita Beekman,Female,lbeekmanbl@si.edu,7624759635,Insiza,35
419,Nell Doby,Female,ndobybm@discovery.com,1023021078,Sankera,56
420,Dillie Gorner,Male,dgornerbn@mlb.com,4035097754,Alkmaar,43
421,Danielle Hand,Female,dhandbo@who.int,6568223105,Jiangzhang,32
422,Matthiew Townley,Male,mtownleybp@hugedomains.com,6036706190,Booterstown,60
423,Eward Tesh,Male,eteshbq@freewebs.com,4964955512,Gore,55
424,Sharron Bane,Female,sbanebr@typepad.com,2577215381,Verkhnya Rozhanka,30
425,Dottie Petkovic,Female,dpetkovicbs@multiply.com,2007651666,Huanglong,49
426,Jennee Macellar,Female,jmacellarbt@opera.com,5539033170,Paraiso,52
427,Pen Allix,Male,pallixbu@whitehouse.gov,9892711268,Kolsh,28
428,Tate Clemence,Male,tclemencebv@latimes.com,8181095012,Almafuerte,47
429,Alister Bunce,Male,abuncebw@123-reg.co.uk,7845252555,Gąbin,22
430,Corrie Arrandale,Female,carrandalebx@fastcompany.com,4497458017,Gnojnica,44
431,Gretchen Sallinger,Female,gsallingerby@posterous.com,9712596542,Gbawe,29
432,Benedicta Wash,Female,bwashbz@patch.com,5833094612,Puro,57
433,Carrissa Hymor,Female,chymorc0@google.ca,6426188341,San Juan Ermita,42
434,Thaine Baish,Male,tbaishc1@trellian.com,7339623878,Huangjin,53
435,Veriee Snowding,Female,vsnowdingc2@nhs.uk,3527870571,Pecatu,23
436,Ingamar Binnes,Male,ibinnesc3@dagondesign.com,2566003258,Nabunturan,38
437,Paige Sijmons,Male,psijmonsc4@answers.com,5514434260,Quinuabamba,34
438,Lars Dugan,Male,lduganc5@tripadvisor.com,5424064959,Mitry-Mory,56
439,Ailina Higgoe,Female,ahiggoec6@flavors.me,7364062012,Oslo,20
440,Maybelle Felderer,Female,mfeldererc7@berkeley.edu,4849268602,Boguchwała,31
441,Latisha Teasell,Female,lteasellc8@dell.com,6627097198,Makrochóri,37
442,Feliks Harrison,Male,fharrisonc9@1688.com,4989137026,Morangis,42
443,Shannah Mardy,Female,smardyca@tuttocitta.it,6032711406,Iba,32
444,Ralph Boddymead,Male,rboddymeadcb@forbes.com,9871130803,Granada,40
445,Joycelin Archell,Female,jarchellcc@about.me,8548973373,Ōfunato,44
446,Nevsa Blumfield,Female,nblumfieldcd@e-recht24.de,5275356148,Changjiang,43
447,Binny Messiter,Female,bmessiterce@imdb.com,2658447681,Baihe,25
448,Ricki Vassano,Female,rvassanocf@yandex.ru,2636958068,Myrzakent,52
449,Merrile Dinan,Female,mdinancg@de.vu,9034010811,Kyzyl-Oktyabr’skiy,59
450,Daphene Banham,Female,dbanhamch@thetimes.co.uk,2734078155,Paragominas,26
451,Otha Cawcutt,Female,ocawcuttci@hexun.com,4511096204,Xiwang,58
452,Raleigh Roches,Male,rrochescj@slashdot.org,9861845681,Huangbizhuang,35
453,Otho Trathen,Male,otrathenck@nytimes.com,4912634926,Alivéri,29
454,Jaquenette Dickons,Female,jdickonscl@umn.edu,6619383672,Fengtang,42
455,Debi Schermick,Female,dschermickcm@youtube.com,3137690520,Pagsanahan Norte,43
456,Sal Gillice,Female,sgillicecn@usa.gov,7752029076,Xiema,41
457,Holden Dupoy,Male,hdupoyco@mapy.cz,7241592338,Requião,39
458,Peadar Heal,Male,phealcp@g.co,9371523548,Rongkou,25
459,Tarrah Munton,Female,tmuntoncq@msn.com,8659023895,Antananarivo,29
460,Dian Veldens,Female,dveldenscr@mayoclinic.com,3792825007,Buenos Aires,52
461,Syd Gaynor,Male,sgaynorcs@amazonaws.com,2642488595,Tianjin,45
462,Kyle Hussey,Female,khusseyct@bbc.co.uk,7256909516,Shiziqiao,22
463,Ginnifer Macartney,Female,gmacartneycu@hhs.gov,1925669376,Al Qūşīyah,48
464,Heath Kunes,Female,hkunescv@usatoday.com,7866989509,Hanjia,43
465,Kylen Duffy,Female,kduffycw@w3.org,6285852390,La Paloma,50
466,Lesli Bussy,Female,lbussycx@stumbleupon.com,8435377865,Noupoort,46
467,Felic Lindfors,Male,flindforscy@vk.com,5489453323,Miaofengshan,57
468,Freddi Wanless,Female,fwanlesscz@unc.edu,8336743243,Chatuchak,54
469,Mella McCalister,Female,mmccalisterd0@wix.com,8058993193,Douz,53
470,Benjy Blissitt,Male,bblissittd1@mapquest.com,9448730975,Lantian,24
471,Rickie Denge,Male,rdenged2@lulu.com,4923436697,Ryki,43
472,Anastassia Bengoechea,Female,abengoechead3@skype.com,4961759399,Vilémov,36
473,Morton Gasking,Male,mgaskingd4@php.net,4472852568,Hongtang,23
474,Madge Winterscale,Female,mwinterscaled5@merriam-webster.com,3022917273,Malawa,32
475,Leia Qusklay,Female,lqusklayd6@merriam-webster.com,4616457820,Banī Zayd,40
476,Deanne Gladdish,Female,dgladdishd7@unc.edu,6724760518,Bechyně,33
477,Gordan Pele,Male,gpeled8@ning.com,4262653581,Koroška Bela,54
478,Arte Baseggio,Male,abaseggiod9@ifeng.com,7056035147,Putukrejo,30
479,Hamid Armistead,Male,harmisteadda@biglobe.ne.jp,7684545141,Basyūn,51
480,Maximilian Peers,Male,mpeersdb@newyorker.com,3481617450,Sabugueiro,33
481,Abeu Colthurst,Male,acolthurstdc@sciencedirect.com,8071656153,Xiguantun Muguzu Manzuxiang,50
482,Florri Gradon,Female,fgradondd@mtv.com,4052260005,Tarbes,60
483,Neill Lenham,Male,nlenhamde@newyorker.com,5506212005,Xam Nua,56
484,Cthrine Desquesnes,Female,cdesquesnesdf@soup.io,4032854537,Anjozorobe,25
485,Royal Child,Male,rchilddg@icio.us,5982339379,Tangqian,50
486,Kirk Durran,Male,kdurrandh@naver.com,9325124193,Chodów,22
487,Stanleigh McRobbie,Male,smcrobbiedi@fastcompany.com,1024575354,Manhiça,35
488,Loren Fantini,Male,lfantinidj@arstechnica.com,9015628747,Banjar Pangkungtibah Selatan,37
489,Kate Bittleson,Female,kbittlesondk@google.cn,7278804939,Lallayug,25
490,Corrinne Alger,Female,calgerdl@tripod.com,7774738860,Rzhavki,51
491,Brandie Butterfield,Female,bbutterfielddm@sphinn.com,2252547645,Loket,55
492,Webster MacCurlye,Male,wmaccurlyedn@youtu.be,4985995187,Palma De Mallorca,46
493,Henrieta Parysiak,Female,hparysiakdo@drupal.org,9692945648,Kybartai,32
494,Nero McGoogan,Male,nmcgoogandp@ebay.co.uk,4851733672,San Vicente,60
495,Briny Hallward,Female,bhallwarddq@nba.com,7472053140,Nagornyy,58
496,Rick Seeks,Male,rseeksdr@reddit.com,4158256496,Alfenas,32
497,Amabel Bilt,Female,abiltds@wikipedia.org,2253492409,Mönsterås,35
498,Ninette Stangoe,Female,nstangoedt@myspace.com,9671439820,Le Havre,25
499,Agnesse Napleton,Female,anapletondu@yandex.ru,7181454249,Dolod,35
500,Clarissa Miebes,Female,cmiebesdv@xinhuanet.com,6545137089,Zaindainxoi,30
501,Randee Austen,Female,raustendw@vinaora.com,5747547816,Batatais,35
502,Myer Hebborn,Male,mhebborndx@constantcontact.com,8979863988,Chīchāwatni,58
503,Hagan Huller,Male,hhullerdy@usgs.gov,2743428412,Qingchuan,31
504,Dalis Moon,Male,dmoondz@wired.com,5065004836,Juren,22
505,Darda Bowring,Female,dbowringe0@4shared.com,4474498606,Hrazdan,23
506,Herby Zipsell,Male,hzipselle1@howstuffworks.com,4563301789,Nantes,51
507,Jacquette Bridgman,Female,jbridgmane2@globo.com,6629929898,Cañazas,53
508,Curry Matzaitis,Male,cmatzaitise3@pcworld.com,6937474573,Seres,60
509,Clem Batte,Male,cbattee4@theguardian.com,7029928610,Kuala Tuha,44
510,Christoffer Bellworthy,Male,cbellworthye5@bandcamp.com,3284734360,Balayang,54
511,Martina Farryn,Female,mfarryne6@hexun.com,8147186473,Patos,26
512,Rowland Castelletti,Male,rcastellettie7@technorati.com,1949860303,Cagwait,60
513,Phil Lyfield,Female,plyfielde8@utexas.edu,5731547951,Kadusimbar,60
514,Avivah Marre,Female,amarree9@tumblr.com,6696795961,Zelenogorsk,22
515,Agnesse Kendrew,Female,akendrewea@forbes.com,2612361606,Ejidal,53
516,Aurthur Romanet,Male,aromaneteb@bloglines.com,3569648363,Nanggorak,38
517,Roxine McKirdy,Female,rmckirdyec@hexun.com,4315934482,Itu,55
518,Marcellina Chrishop,Female,mchrishoped@devhub.com,7049880049,Homa Bay,54
519,Lorry Newgrosh,Male,lnewgroshee@geocities.com,4293687119,Puerto Cumarebo,38
520,Otto Poulsom,Male,opoulsomef@trellian.com,6725562301,Peabiru,47
521,Waneta Pearn,Female,wpearneg@discovery.com,7104700851,Xingxi,28
522,Lisle Paddingdon,Male,lpaddingdoneh@hibu.com,2935157536,San Miguel de Tucumán,30
523,Waylon Pengilley,Male,wpengilleyei@clickbank.net,5486850273,Thành Phố Hà Giang,30
524,Silvie Nutton,Female,snuttonej@soundcloud.com,5797721235,Faīẕābād,59
525,Heinrik Sisland,Male,hsislandek@privacy.gov.au,8849068987,Chwaszczyno,49
526,Beverie Parcell,Female,bparcellel@xing.com,5477584669,Chikeng,20
527,Vincent Dyton,Male,vdytonem@ezinearticles.com,5272750381,Ikar,43
528,Heath Louedey,Female,hlouedeyen@nasa.gov,3773352222,Las Varillas,57
529,Caroljean Plumbley,Female,cplumbleyeo@google.es,2958521926,Río Pico,36
530,Jamie Barter,Male,jbarterep@purevolume.com,4598893858,Lembur Tengah,38
531,Rickie De la Yglesia,Female,rdeeq@toplist.cz,2211732020,Kuching,26
532,Cathrine Cole,Female,ccoleer@dropbox.com,1788895706,Youhao,25
533,Laney Husbands,Male,lhusbandses@simplemachines.org,2624344765,Racine,53
534,Luciano Brazelton,Male,lbrazeltonet@photobucket.com,5302801096,Mazkeret Batya,54
535,Reena Bedinn,Female,rbedinneu@github.com,1485345056,Şabyā,49
536,Jethro Corneck,Male,jcorneckev@amazon.com,6397717815,Três Rios,41
537,Sofia Muro,Female,smuroew@house.gov,2749060772,Kupiskis,28
538,Fanechka Hoodspeth,Female,fhoodspethex@de.vu,4962990313,Jiaxing,39
539,Letta Allard,Female,lallardey@nhs.uk,9412434089,Punta Gorda,47
540,Winny Brabon,Female,wbrabonez@macromedia.com,8659549678,Patayac,53
541,Dewain Guillain,Male,dguillainf0@devhub.com,2762773820,Santa Cruz das Palmeiras,52
542,Eal Starsmore,Male,estarsmoref1@ocn.ne.jp,1368731151,Shibganj,34
543,Fritz Wordesworth,Male,fwordesworthf2@washingtonpost.com,5881834777,Manoc-Manoc,46
544,Maxy Cleve,Female,mclevef3@posterous.com,9841719693,Jinqiao,32
545,Joann Braizier,Female,jbraizierf4@mapquest.com,4718608057,Wuluo,32
546,Tripp Grissett,Male,tgrissettf5@goo.gl,5893474935,Majie,49
547,Frannie Lowle,Female,flowlef6@slashdot.org,9711123506,Polepy,42
548,Les Stealey,Male,lstealeyf7@google.de,3626369443,Hitachi-Naka,45
549,Willy Milesap,Male,wmilesapf8@hc360.com,6078538191,Oyam,20
550,Keenan Doulden,Male,kdouldenf9@e-recht24.de,8982048439,Parthenay,43
551,Radcliffe Mockford,Male,rmockfordfa@umich.edu,5237638619,Tambakan,58
552,Giralda Gaskal,Female,ggaskalfb@earthlink.net,3984660407,Corrientes,46
553,Clari Patience,Female,cpatiencefc@typepad.com,1368170864,Zibu,24
554,Aldwin Klainer,Male,aklainerfd@clickbank.net,9513441508,Dvinskoy,58
555,Yasmin McIlmurray,Female,ymcilmurrayfe@hhs.gov,6998043408,Lac-Mégantic,54
556,Easter Brewitt,Female,ebrewittff@google.com.au,7675431136,Liloan,58
557,Kathlin Reisen,Female,kreisenfg@howstuffworks.com,4796666972,Zlechov,58
558,Lauritz Atcock,Male,latcockfh@123-reg.co.uk,9081319226,Huangsha,34
559,Stella Gon,Female,sgonfi@omniture.com,2803404547,Dinalongan,56
560,Bar Bastistini,Male,bbastistinifj@meetup.com,9064830518,Taiyanghe,29
561,Griffin Belchem,Male,gbelchemfk@gravatar.com,1647436977,Agra,59
562,Renae Wride,Female,rwridefl@phpbb.com,4269986540,Enonkoski,31
563,Dorian Cargenven,Female,dcargenvenfm@ucsd.edu,9495833763,Buawan,52
564,Dniren Sjollema,Female,dsjollemafn@globo.com,3984603250,Urus-Martan,36
565,Simon Belverstone,Male,sbelverstonefo@dmoz.org,9986244431,Bungbulang,48
566,Harlen Copping,Male,hcoppingfp@ucsd.edu,7483359468,Minh Long,57
567,Alard Doag,Male,adoagfq@va.gov,9661128708,Uttaradit,58
568,Abbe Fortnon,Female,afortnonfr@rakuten.co.jp,9595108593,Pata,40
569,Shane Lovelock,Female,slovelockfs@usgs.gov,1869930444,Strogino,47
570,Sheba Mertin,Female,smertinft@t-online.de,2956551053,Gelan,60
571,Charisse Gianni,Female,cgiannifu@canalblog.com,4664492160,Camargo,51
572,Conrad Rodenburgh,Male,crodenburghfv@businessinsider.com,2634475203,Quţūr,23
573,Rogerio Tasseler,Male,rtasselerfw@dailymotion.com,2566798969,Sidi Yahya Ou Saad,33
574,Averill Stroobant,Male,astroobantfx@cafepress.com,1701950861,Yeliguan,49
575,Shirlene Carolan,Female,scarolanfy@google.es,5877687291,Kuragaki-kosugi,27
576,Paddy Gerhold,Male,pgerholdfz@clickbank.net,1468456981,Ashgabat,60
577,Zollie Neve,Male,zneveg0@nymag.com,8985439517,Thị Trấn Tam Sơn,60
578,Leon Goulborne,Male,lgoulborneg1@usatoday.com,8739719542,Venustiano Carranza,25
579,Keri Aicheson,Female,kaichesong2@accuweather.com,2062833196,Guayabal,55
580,Anabel Stidever,Female,astideverg3@marriott.com,8078170301,Zhukovo,26
581,Arlina Maletratt,Female,amaletrattg4@dyndns.org,9674579716,Sātkhira,43
582,Lorenza Winsome,Female,lwinsomeg5@nifty.com,7566068599,Mongar,54
583,Michelina Marzele,Female,mmarzeleg6@bizjournals.com,3284504041,Guruafin,41
584,Ethelred Paulet,Male,epauletg7@usgs.gov,3656035274,Gajiram,59
585,Maria Mucci,Female,mmuccig8@washington.edu,2119210551,Longtanhe,26
586,Colby McNellis,Male,cmcnellisg9@jalbum.net,6628962633,Rantaupanjangkiri,47
587,Fax Suermeier,Male,fsuermeierga@multiply.com,6768170233,Neklyudovo,30
588,Chelsea Hounihan,Female,chounihangb@prnewswire.com,7799125137,Varva,38
589,Ingram Di Biasio,Male,idigc@t.co,6087752755,İsmayıllı,60
590,Bill Tschersich,Female,btschersichgd@ed.gov,9194629516,La Plaine-Saint-Denis,35
591,Eileen Overnell,Female,eovernellge@google.de,6887563824,Yessentukskaya,28
592,D'arcy Tomblings,Male,dtomblingsgf@army.mil,8787169281,Shihua,59
593,Kimberly Alabaster,Female,kalabastergg@amazon.com,7438130861,Seversk,21
594,Em Weddeburn - Scrimgeour,Male,eweddeburngh@springer.com,6313909569,Siem Reap,28
595,Natalya O'Carney,Female,nocarneygi@si.edu,7599170426,Gândara,47
596,Yettie Goundry,Female,ygoundrygj@bluehost.com,9221815249,Alcanena,32
597,Ram Burchmore,Male,rburchmoregk@cbsnews.com,1951232024,Naxos,46
598,Richardo Reaney,Male,rreaneygl@example.com,7219803276,Neqāb,43
599,Elysha Blackall,Female,eblackallgm@fda.gov,6936217210,Taquile,32
600,Nevin Drissell,Male,ndrissellgn@eepurl.com,6151683118,Uppsala,35
601,Leann Blyden,Female,lblydengo@kickstarter.com,9048743732,Santo António da Charneca,59
602,Nehemiah Kilcoyne,Male,nkilcoynegp@bigcartel.com,6692543158,Mawlamyinegyunn,34
603,Kathrine Stuttman,Female,kstuttmangq@qq.com,2105113704,Žleby,44
604,Pace Ertelt,Male,perteltgr@dell.com,3703663558,Nemby,47
605,Rubie Reichardt,Female,rreichardtgs@wordpress.org,1214307244,Cibaregbeg,56
606,Joana Klaussen,Female,jklaussengt@unblog.fr,2669491574,Tomakomai,56
607,Barnabe Teasdale,Male,bteasdalegu@devhub.com,6533837877,Липково,31
608,Goraud Kapiloff,Male,gkapiloffgv@yolasite.com,5884487286,Jelah,50
609,Glenda Goude,Female,ggoudegw@drupal.org,2521384572,Whistler,38
610,Viviyan Nassie,Female,vnassiegx@shutterfly.com,6421908065,Manta,39
611,Gwendolyn Nockles,Female,gnocklesgy@smh.com.au,9635192419,Mikumi,20
612,Wayne Cahalin,Male,wcahalingz@myspace.com,4916129250,Laizhou,23
613,Von Coplestone,Male,vcoplestoneh0@dion.ne.jp,2544589395,Tanenofunan,56
614,Alphard Ferrettino,Male,aferrettinoh1@ox.ac.uk,7788437773,Srinagarindra,38
615,Karlotta Krook,Female,kkrookh2@state.tx.us,3676259241,Obertyn,36
616,Stefan Brizell,Male,sbrizellh3@latimes.com,4752625976,Santa Rosa de Aguán,37
617,Dory Wallenger,Male,dwallengerh4@tripod.com,2268602929,Luuka Town,49
618,Wildon Mc-Kerley,Male,wmckerleyh5@networksolutions.com,5605626506,Galamares,41
619,Fay Tremeer,Female,ftremeerh6@weather.com,4338515118,Ribnica na Pohorju,60
620,Richmond Ogilby,Male,rogilbyh7@bloglines.com,3947502834,Nanaimo,21
621,Lucas Bastin,Male,lbastinh8@mlb.com,3005945556,Yako,45
622,Zenia Rundall,Female,zrundallh9@livejournal.com,3816201027,Jifeng,57
623,Alexa Checchetelli,Female,achecchetelliha@ocn.ne.jp,3471809142,Rincón,36
624,Roma Gimblett,Male,rgimbletthb@fastcompany.com,1464740230,Shevchenkove,46
625,Arch Braam,Male,abraamhc@xinhuanet.com,3389702117,Khokhryaki,53
626,Prentice Oswell,Male,poswellhd@miitbeian.gov.cn,7751813180,Nanxindian,60
627,Fifi Lempertz,Female,flempertzhe@aol.com,2226014650,Corzuela,27
628,Tandie Trebbett,Female,ttrebbetthf@arstechnica.com,1625719103,Al Muwayh,54
629,Edita Pestor,Female,epestorhg@51.la,5808089112,Puteaux,25
630,Holli Garioch,Female,hgariochhh@theguardian.com,9648296525,Sutton,54
631,Mary Huxham,Female,mhuxhamhi@github.com,5223195726,Santa Rosa,25
632,Ignazio Shermar,Male,ishermarhj@hibu.com,4075200965,Gaoshi,51
633,Wait Poytress,Male,wpoytresshk@examiner.com,6047656702,Progreso,51
634,Gladys Dillinger,Female,gdillingerhl@cbslocal.com,2608913205,Barabedang,42
635,Dena Ovitts,Female,dovittshm@cisco.com,7966631544,Karangtawar,49
636,Alvin Proger,Male,aprogerhn@dailymotion.com,1706699955,Mauponggo,47
637,Annaliese Dilke,Female,adilkeho@admin.ch,9603489742,Dongchengyuan,49
638,Hurlee McSporon,Male,hmcsporonhp@people.com.cn,3462520971,New Agutaya,36
639,Iolanthe Marzelle,Female,imarzellehq@aboutads.info,5342031935,Konde,27
640,Fifi Sturge,Female,fsturgehr@army.mil,4401249037,Plereyan,26
641,Ignacio Bernardinelli,Male,ibernardinellihs@addthis.com,4352706143,Simpang,35
642,Fonz Sisneros,Male,fsisnerosht@answers.com,2643835854,Veracruz,55
643,Buffy Joffe,Female,bjoffehu@hc360.com,4795814749,Aguilar,37
644,Kristos Winch,Male,kwinchhv@twitpic.com,7227034088,Vargem Grande Paulista,58
645,Sheila Goddert.sf,Female,sgoddertsfhw@xing.com,3388943282,Taloqan,50
646,Livvie Gasnell,Female,lgasnellhx@ifeng.com,6413411388,Cikarang,54
647,Eddi Eglise,Female,eeglisehy@biglobe.ne.jp,7345497226,Harian,51
648,Burnard Tapper,Male,btapperhz@ow.ly,1595821101,Babakansalam,22
649,Sutherlan Potter,Male,spotteri0@altervista.org,3372969736,Liuji,57
650,Raddie Berka,Male,rberkai1@gov.uk,9186272507,Shangwuzhuang,44
651,Charmane Tock,Female,ctocki2@nydailynews.com,8091146214,Voronezh,34
652,Mignon Worland,Female,mworlandi3@mit.edu,5429295769,Khānewāl,54
653,Patrizia Sellers,Female,psellersi4@theguardian.com,6138452685,Osa,29
654,Zackariah Richford,Male,zrichfordi5@51.la,9909305868,Usman’,26
655,Tam Clulow,Male,tclulowi6@shop-pro.jp,7362939976,Xinghe Chengguanzhen,22
656,Zacherie Pebworth,Male,zpebworthi7@pagesperso-orange.fr,1136868668,Konongo,23
657,Borden Manske,Male,bmanskei8@miitbeian.gov.cn,9929112202,Javorník,54
658,Gabie Fey,Female,gfeyi9@instagram.com,4327929079,Los Juríes,34
659,Bradney Barbier,Male,bbarbieria@amazon.co.jp,3221249448,Tetaf,39
660,Abbott Widdecombe,Male,awiddecombeib@uiuc.edu,7167675725,Kondoa,24
661,Broderick Nappin,Male,bnappinic@cnn.com,9961103960,Kuantan,58
662,Byrle Falvey,Male,bfalveyid@dion.ne.jp,8452196084,Imbang,26
663,Debi Traite,Female,dtraiteie@irs.gov,2136234584,Dongyangzhen,53
664,Johnette Devennie,Female,jdevennieif@whitehouse.gov,4365154265,Bačka Palanka,39
665,Harli Sweetmore,Female,hsweetmoreig@wired.com,6065934210,Puubheto,25
666,Tracie Rawsthorne,Male,trawsthorneih@artisteer.com,6495176836,Debre Mark’os,37
667,Cleon Petrovykh,Male,cpetrovykhii@wiley.com,6342804846,Angatel,35
668,Cherilyn Josefson,Female,cjosefsonij@bbb.org,2605785002,Xishan,34
669,Rebekkah Langdon,Female,rlangdonik@imgur.com,4271630795,Tuchengzi,56
670,Arabelle Brandham,Female,abrandhamil@apple.com,6833072060,Dalianwan,31
671,Chicky Dykes,Female,cdykesim@friendfeed.com,7703581897,Lille,57
672,Allen Antognozzii,Male,aantognozziiin@guardian.co.uk,2325426135,Goryachevodskiy,21
673,Eba Le Blond,Female,eleio@rambler.ru,9059862835,Corbeil-Essonnes,51
674,Chickie Klassmann,Male,cklassmannip@symantec.com,7938087183,Ōi,60
675,Renee Reeds,Female,rreedsiq@miitbeian.gov.cn,8179645237,Gračec,22
676,Else Baise,Female,ebaiseir@rakuten.co.jp,3077196600,Mina Clavero,38
677,Willi Vashchenko,Male,wvashchenkois@hc360.com,8734921262,Mezinovskiy,31
678,Emmit Yakovitch,Male,eyakovitchit@time.com,5285859978,Tungoo,42
679,Gannon Padwick,Male,gpadwickiu@scribd.com,9128683771,Stockholm,46
680,Bernard Etheridge,Male,betheridgeiv@digg.com,9431443390,Sukaraja,58
681,Kaja Gwillym,Female,kgwillymiw@stanford.edu,1664273134,Krzyżanowice,23
682,Carma Cottisford,Female,ccottisfordix@t.co,6337844413,Hats’avan,22
683,Madalena Balcock,Female,mbalcockiy@scientificamerican.com,1482780767,Lysogorskaya,44
684,Cammy Feldbrin,Male,cfeldbriniz@harvard.edu,1312995612,Lecheng,48
685,Delores Balf,Female,dbalfj0@people.com.cn,6175254622,San Carlos,25
686,Betta Acres,Female,bacresj1@discovery.com,4914100550,Sharga,51
687,Holt Winton,Male,hwintonj2@freewebs.com,3072729766,Auas,28
688,Barthel Lowten,Male,blowtenj3@mashable.com,5998030494,Horodok,47
689,Felicle Maasz,Female,fmaaszj4@marketwatch.com,1814882807,Wushi,46
690,Hakeem Barreau,Male,hbarreauj5@abc.net.au,1602249606,Shabqadar,23
691,Nowell Twitty,Male,ntwittyj6@trellian.com,9494493180,Kawanishi,52
692,Caren Ryhorovich,Female,cryhorovichj7@freewebs.com,5607881413,Sumuranyar,51
693,Gilda De Maria,Female,gdej8@naver.com,2856372498,Shiroi,41
694,Sasha Biddiss,Male,sbiddissj9@sakura.ne.jp,4377031322,Pucón,53
695,Quinn Briton,Male,qbritonja@tuttocitta.it,9049080299,Shibīn al Qanāţir,53
696,Eberto Tapper,Male,etapperjb@google.com.br,4486326713,Bulakgebang,46
697,Karon Castanaga,Female,kcastanagajc@paginegialle.it,9206421335,Meijiang,52
698,Justin Weymouth,Male,jweymouthjd@qq.com,5062470129,Szeged,51
699,Terencio Pavlovsky,Male,tpavlovskyje@linkedin.com,9495413865,Bačka Topola,43
700,Adriena Fairbanks,Female,afairbanksjf@storify.com,7937159028,Liloy,46
701,Ferdie Harris,Male,fharrisjg@github.io,2898915429,Summerside,29
702,Molly Leversha,Female,mlevershajh@huffingtonpost.com,4893973625,Ujung,42
703,Dara Vannoort,Female,dvannoortji@woothemes.com,6161141873,Mahaba,25
704,Niles Millichap,Male,nmillichapjj@slate.com,3061346486,Dayuan,22
705,Woody Dawkes,Male,wdawkesjk@cdbaby.com,6706700079,Innisfil,36
706,Kalinda Kennion,Female,kkennionjl@blinklist.com,3821269490,Tsul-Ulaan,58
707,Quincy Lucian,Male,qlucianjm@youtu.be,8517087594,Poja,25
708,Sherri Onslow,Female,sonslowjn@ezinearticles.com,2059478654,Crépy-en-Valois,25
709,Helen-elizabeth Balazin,Female,hbalazinjo@rediff.com,1205000919,Cloyne,28
710,Avivah Edeson,Female,aedesonjp@fema.gov,4805563249,Xinglong,38
711,Lucio Ofen,Male,lofenjq@addtoany.com,5888091709,Aghajari,37
712,Glyn Dimitriou,Female,gdimitrioujr@php.net,8558615243,Soest,58
713,Valera Brugmann,Female,vbrugmannjs@shop-pro.jp,8072566102,Blagodarnyy,43
714,Darsie Cahalan,Female,dcahalanjt@hao123.com,5484354264,Santa Cruz,36
715,Romain Gouldthorpe,Male,rgouldthorpeju@mtv.com,8726741815,San Jose,58
716,Melania Barlass,Female,mbarlassjv@sourceforge.net,3951333831,Gaio,49
717,Gabie Chadband,Male,gchadbandjw@wired.com,3975075328,Quatro Barras,46
718,Ansell Marrion,Male,amarrionjx@issuu.com,9477802300,Banhā,58
719,Dominga Sweetnam,Female,dsweetnamjy@ed.gov,1176837492,Salimbao,33
720,Jephthah Simoncini,Male,jsimoncinijz@nyu.edu,9257437099,Telagasari,45
721,Tasia Cloy,Female,tcloyk0@pen.io,1178231064,Duotian,46
722,Loraine Bullivant,Female,lbullivantk1@constantcontact.com,6332208745,Corani,21
723,Cos Pasby,Male,cpasbyk2@icq.com,2732485501,Gunungtua,57
724,Trumaine Catonne,Male,tcatonnek3@csmonitor.com,2462018480,Franca,44
725,Carmen Grelak,Female,cgrelakk4@yale.edu,5409304198,Otra Banda,29
726,Lorain Kevlin,Female,lkevlink5@purevolume.com,5041951594,Tuanalepe,59
727,Nedda Erdes,Female,nerdesk6@furl.net,7665849721,Huxiaoqiao,54
728,Maddalena Sydes,Female,msydesk7@omniture.com,7947250731,Krajan Sumberanget,38
729,Tiebout Murrie,Male,tmurriek8@fc2.com,1566715632,Guder,41
730,Wyatan Shervington,Male,wshervingtonk9@com.com,9114898525,Rychtal,27
731,Kerrie Giffkins,Female,kgiffkinska@senate.gov,8053305108,Bariri,32
732,Arlyn Shakesby,Female,ashakesbykb@myspace.com,5868423817,Taranovskoye,30
733,Ferd Dusting,Male,fdustingkc@photobucket.com,2032859595,Stanovoye,44
734,Vera Gavini,Female,vgavinikd@drupal.org,5625797031,Kolo,45
735,Iormina Bartholat,Female,ibartholatke@furl.net,9946011107,Coutada,33
736,Alexandro Tolley,Male,atolleykf@skyrock.com,7988316639,Porsgrunn,47
737,Rosene Kissock,Female,rkissockkg@weebly.com,2998650547,Jiangbu,49
738,Zebadiah David,Male,zdavidkh@ifeng.com,2988951213,Ocho Rios,28
739,Vidovik Buxcey,Male,vbuxceyki@mashable.com,8045213391,Shuangtang,49
740,Reginauld Barrott,Male,rbarrottkj@shop-pro.jp,3159207704,Aizi,53
741,Rebecca Lilian,Female,rliliankk@woothemes.com,6255231435,Wangcao,30
742,Tatiana Kiddey,Female,tkiddeykl@businessinsider.com,6654715049,Panambi,20
743,Francesco Jaggers,Male,fjaggerskm@unc.edu,8787598114,Encañada,29
744,Gabby Gantlett,Male,ggantlettkn@paginegialle.it,8058254327,Simi Valley,23
745,Timothee Ivanchikov,Male,tivanchikovko@ovh.net,8629232914,Hollola,45
746,Suzette McKea,Female,smckeakp@weibo.com,6481440519,Pélla,53
747,Flin Stallen,Male,fstallenkq@ow.ly,2266200933,Eloúnda,30
748,Lonna Blesing,Female,lblesingkr@jalbum.net,5086082566,Kladi,41
749,Ariel Heijne,Male,aheijneks@opensource.org,5513799827,Mojo,25
750,Bobby Hawkshaw,Female,bhawkshawkt@elegantthemes.com,1967307839,Luftinjë,26
751,Tiena Mulderrig,Female,tmulderrigku@xrea.com,9036091828,Samannūd,40
752,Georgianne Flather,Female,gflatherkv@bbc.co.uk,8319250948,Putat Lor,29
753,Susanna Keningham,Female,skeninghamkw@deliciousdays.com,6248976792,Estrada,22
754,Ryan Gotcliffe,Male,rgotcliffekx@fema.gov,5704006629,La Plata,44
755,Leshia Hamsson,Female,lhamssonky@spiegel.de,5829895882,La Aurora,56
756,Carie Prendergrast,Female,cprendergrastkz@mit.edu,4389425408,Thepharak,36
757,Modesty Skevington,Female,mskevingtonl0@icq.com,7509718622,Shenshu,54
758,Therese Giraudou,Female,tgiraudoul1@walmart.com,6081687030,Ilembula,52
759,Shelia Eames,Female,seamesl2@nhs.uk,2979168707,"Palmas De Gran Canaria, Las",20
760,Gualterio Dailly,Male,gdaillyl3@symantec.com,5387761640,Daloa,45
761,Joete Timmins,Female,jtimminsl4@msn.com,1286503865,Palestina,44
762,Farris Fifoot,Male,ffifootl5@wordpress.com,2171235748,Ḩātim,29
763,Delano Demaine,Male,ddemainel6@godaddy.com,4172983325,Troitsk,50
764,Augustin Ply,Male,aplyl7@ucla.edu,2047211152,Bowen Island,32
765,Konstanze Youdell,Female,kyoudelll8@myspace.com,9518134307,Shangyuan,24
766,Kilian MacLaughlin,Male,kmaclaughlinl9@jiathis.com,9645663109,San Carlos de Bolívar,59
767,Adiana Dumberrill,Female,adumberrillla@indiegogo.com,6508536157,Thành Phố Nam Định,39
768,Riccardo Deverille,Male,rdeverillelb@drupal.org,9299047612,Soissons,59
769,Bamby Triswell,Female,btriswelllc@globo.com,6619327055,Taesal-li,45
770,Jackie Mosey,Male,jmoseyld@tamu.edu,8399127599,Nyazepetrovsk,27
771,Damon Spriggin,Male,dsprigginle@ox.ac.uk,2218933062,Kulotino,54
772,Marysa D'Antonio,Female,mdantoniolf@samsung.com,2296387071,Gondifelos,21
773,Wilden Denisard,Male,wdenisardlg@mail.ru,7081011408,Espírito Santo do Pinhal,54
774,Delinda Bloxam,Female,dbloxamlh@zdnet.com,9743344310,Ol Kalou,21
775,Cristionna Baud,Female,cbaudli@webeden.co.uk,1297236590,Zhagang,30
776,Keary McQuaid,Male,kmcquaidlj@eventbrite.com,1702611274,Mao’ershan,57
777,Dasi Docwra,Female,ddocwralk@spiegel.de,9925677743,Taling,59
778,Hobart Goligly,Male,hgoliglyll@mail.ru,6665765295,Daping,49
779,Erick Siemens,Male,esiemenslm@java.com,1398466340,Pandan,20
780,Faustine Eastham,Female,feasthamln@webeden.co.uk,6425379671,Yokosuka,51
781,Zulema Seif,Female,zseiflo@dagondesign.com,4071786551,Dukuhsawah,28
782,Rebbecca Liddall,Female,rliddalllp@epa.gov,1609362367,Avellaneda,41
783,Miriam Dries,Female,mdrieslq@usgs.gov,3394599694,Four Cross Roads,34
784,Myles Oldale,Male,moldalelr@google.pl,6858588329,Dos Hermanas,26
785,Christel Leftbridge,Female,cleftbridgels@youku.com,9565861525,Ilo,50
786,Magdalena Escalera,Female,mescaleralt@google.ca,1602909887,Miringa,45
787,Deana Gallanders,Female,dgallanderslu@forbes.com,9361446823,Americana,43
788,Euphemia Stratton,Female,estrattonlv@wikimedia.org,1572021740,Hostivice,47
789,Bernarr Rignold,Male,brignoldlw@diigo.com,3018906346,Muhos,30
790,Inigo Wedlock,Male,iwedlocklx@foxnews.com,1177199957,Lianozovo,24
791,Lilly Humpherston,Female,lhumpherstonly@mit.edu,2186814021,Simuay,59
792,Todd Symcox,Male,tsymcoxlz@salon.com,5234758336,Mandalasari,37
793,Torr Cleare,Male,tclearem0@desdev.cn,1286660687,Atimonan,25
794,Wain Voss,Male,wvossm1@arizona.edu,4212767978,Kafr Şaqr,38
795,Shandie Ovens,Female,sovensm2@dmoz.org,4064245186,Itararé,33
796,Demetri Orae,Male,doraem3@rediff.com,8323235176,Schaan,43
797,Say Kinkade,Male,skinkadem4@patch.com,9324259210,Almodôvar,33
798,Holt Dominik,Male,hdominikm5@mozilla.org,6641683925,Vorontsovka,51
799,Vern Bein,Male,vbeinm6@blogs.com,1937762844,Tanzybey,35
800,Patten Bindley,Male,pbindleym7@drupal.org,3416115239,Skiáthos,35
801,Dore Pouton,Male,dpoutonm8@gnu.org,7629594209,Sukasetia,46
802,Cristabel Stangoe,Female,cstangoem9@wunderground.com,2523087471,Río Guayabal de Yateras,57
803,Creighton McNirlan,Male,cmcnirlanma@harvard.edu,3378318204,Mertani,34
804,Ben Marrill,Male,bmarrillmb@indiegogo.com,2868008311,Karangpaningal,21
805,Vonni Fintoph,Female,vfintophmc@google.co.jp,7191740934,Nago,40
806,Maddie Von Oertzen,Male,mvonmd@slashdot.org,4218589733,Independencia,31
807,Grazia Woloschin,Female,gwoloschinme@hatena.ne.jp,9873898259,Xichangmen,51
808,Albie Kenworthey,Male,akenwortheymf@bloomberg.com,9451780633,Malanów,38
809,Ewell Bowlas,Male,ebowlasmg@discuz.net,1745980830,Buriti Bravo,34
810,Kay Strover,Female,kstrovermh@xing.com,1652385053,Radziszów,22
811,Teresina Kenset,Female,tkensetmi@dagondesign.com,2343811881,Krasnokamensk,33
812,Timmy Bresnahan,Male,tbresnahanmj@naver.com,4987691133,Chumikan,58
813,Katlin Bunt,Female,kbuntmk@unesco.org,5934844146,Oymak,33
814,Ibrahim Silvester,Male,isilvesterml@opensource.org,8018729542,El Copey,59
815,Rabi Menham,Male,rmenhammm@histats.com,7806824345,Zhangjiayuan,49
816,Ferrell McNelly,Male,fmcnellymn@photobucket.com,4645753788,Sokal’,51
817,Barbe Shankland,Female,bshanklandmo@go.com,8415367845,Nuamuzi,20
818,Astra Maling,Female,amalingmp@cisco.com,1559136383,Shōbu,29
819,Wini Beaze,Female,wbeazemq@ucsd.edu,9836604734,Dangshun,60
820,Seth Mosdill,Male,smosdillmr@free.fr,7742248403,Jacareí,32
821,Addison Passey,Male,apasseyms@google.it,2399520995,Madrid,52
822,Jermayne Rizzotto,Male,jrizzottomt@dailymotion.com,4154439926,Pasar,36
823,Laurence Beeson,Male,lbeesonmu@yahoo.com,4215811758,Luqa,60
824,Darcy Tellesson,Female,dtellessonmv@sphinn.com,5735291285,Sorodot,60
825,Lou Ligoe,Male,lligoemw@desdev.cn,3311095086,Amahusu,38
826,Aggy Roseby,Female,arosebymx@who.int,1946337944,Bragança,50
827,Maiga Hobbema,Female,mhobbemamy@geocities.jp,4143178483,Blois,42
828,Victoir Habert,Male,vhabertmz@newsvine.com,1489257338,Yunchi,44
829,Tommy Kniveton,Male,tknivetonn0@aol.com,6164161904,Tongjiang,37
830,Karol Haburne,Female,khaburnen1@twitter.com,5682767345,El Cairo,43
831,Horst Skermer,Male,hskermern2@hugedomains.com,7064266454,Dagar,25
832,Fitz MacAskill,Male,fmacaskilln3@cbsnews.com,4292839210,Cizhu,30
833,Windy Chattock,Female,wchattockn4@quantcast.com,9173899365,Daping,42
834,Tully Radcliffe,Male,tradcliffen5@umich.edu,7329707542,Guisguis,57
835,Ban Caberas,Male,bcaberasn6@google.com.au,3544343506,Ninh Giang,29
836,Franny Gascoigne,Male,fgascoignen7@skype.com,1595045591,Heerlen,28
837,Alicia Tanslie,Female,atanslien8@cornell.edu,3366822189,Volkhovskiy,30
838,Federica Jarrel,Female,fjarreln9@shareasale.com,7941187436,El Corozo,32
839,Gray Reimers,Male,greimersna@uiuc.edu,1454820777,Delareyville,34
840,Duffy Vassel,Male,dvasselnb@wp.com,6713630958,Siemiatycze,29
841,Daphne Boriston,Female,dboristonnc@tiny.cc,6452090603,Rengang,48
842,Mar Sloat,Male,msloatnd@reuters.com,6958433418,Lagos,52
843,Curr Simchenko,Male,csimchenkone@cam.ac.uk,7885404766,Gentilly,36
844,Berrie Schoular,Female,bschoularnf@ft.com,8012008034,Mqabba,58
845,Selinda Padell,Female,spadellng@taobao.com,3808931886,Zaoshi,46
846,Gannie Bensen,Male,gbensennh@epa.gov,6084008778,Muramvya,56
847,Jane Tubritt,Female,jtubrittni@patch.com,3726141089,Union,29
848,Raoul Gilluley,Male,rgilluleynj@nps.gov,8643563903,Spartanburg,24
849,Myrtia Almak,Female,malmaknk@oracle.com,6649765310,Barra do Garças,42
850,Arda Rowsell,Female,arowsellnl@uol.com.br,1204478662,Tanjungrejo Lor,49
851,Zelma Garner,Female,zgarnernm@dmoz.org,8506329955,Pensacola,60
852,Sarena Pardi,Female,spardinn@admin.ch,5433927309,Natividade,58
853,Gayel Shine,Female,gshineno@dagondesign.com,7388019535,Usatove,22
854,Harrietta Willars,Female,hwillarsnp@craigslist.org,7206084897,Shunyi,55
855,Modestia Beastall,Female,mbeastallnq@disqus.com,6498130320,Contramaestre,33
856,Netta Deares,Female,ndearesnr@jalbum.net,2806070984,Libušín,34
857,Clementia Corder,Female,ccorderns@prnewswire.com,3526371609,Saint Pierre,23
858,Pepillo Luparto,Male,plupartont@hubpages.com,5043964821,Douba,52
859,Matteo Satchel,Male,msatchelnu@google.com.hk,3565969495,Solnechnogorsk,26
860,Randi Yourell,Male,ryourellnv@gizmodo.com,1492249131,Don Matías,20
861,Sabra Cowerd,Female,scowerdnw@imgur.com,6181349428,Kirovsk,39
862,Austin Tewkesberry,Male,atewkesberrynx@about.com,2034855234,Cheonan,57
863,Myrtia Fourcade,Female,mfourcadeny@si.edu,8231503414,Changqiao,43
864,Hamid Roycroft,Male,hroycroftnz@google.com.au,4089752724,Murcki,43
865,Conney Rapsey,Male,crapseyo0@psu.edu,5712237471,Ereencav,56
866,Petronia Welbrock,Female,pwelbrocko1@barnesandnoble.com,1281228106,Minh Lương,57
867,Alis Pierce,Female,apierceo2@e-recht24.de,1396763615,Karangtengah,25
868,Julio Broszkiewicz,Male,jbroszkiewiczo3@soundcloud.com,3255974567,Horodok,42
869,Robbi Hazlewood,Female,rhazlewoodo4@goo.gl,1135399023,Matanog,34
870,Sansone Busch,Male,sbuscho5@facebook.com,5094869713,Santa Marcela,39
871,Farlie Brehat,Male,fbrehato6@digg.com,9349139167,Jingmen,50
872,Maurise Candish,Female,mcandisho7@naver.com,5805691232,Dzüyl,59
873,Nanny Burmaster,Female,nburmastero8@t-online.de,8805936513,Taozhuang,54
874,Eldon Halksworth,Male,ehalkswortho9@state.tx.us,5933843046,Bankim,35
875,Ruddie Dwyr,Male,rdwyroa@bing.com,8808312782,Shengao,52
876,Elwyn Colles,Male,ecollesob@sun.com,4505157319,Qixing,25
877,Jodie Fernihough,Male,jfernihoughoc@marketwatch.com,3526711798,Ngajum,48
878,Leland Iorio,Female,lioriood@wiley.com,2536344307,Tuanshansi,50
879,Crysta Lloyd-Williams,Female,clloydwilliamsoe@paginegialle.it,4508202937,Hujiagou,40
880,Dimitry Di Frisco,Male,ddiof@ustream.tv,4637476489,Eling,52
881,Peter Bolwell,Male,pbolwellog@examiner.com,4497352591,Chojnów,60
882,Elisabetta Vasyukhnov,Female,evasyukhnovoh@google.ru,5233571522,Fengmen,30
883,Tiffanie Caustick,Female,tcaustickoi@dropbox.com,9881196290,Zhangping,53
884,Anita Kopman,Female,akopmanoj@discuz.net,6231796527,Midões,59
885,Marina Rowbrey,Female,mrowbreyok@google.com.hk,1182209117,Wodzierady,46
886,Sally Aikenhead,Female,saikenheadol@answers.com,5663274785,Shagang,21
887,Dita Huleatt,Female,dhuleattom@wix.com,7193410048,Calibishie,42
888,Flossi Scheffler,Female,fscheffleron@huffingtonpost.com,3412331912,Rikitgaib,49
889,Rheba St. Pierre,Female,rstoo@ebay.co.uk,9114523433,Arnaía,43
890,Alden Massimo,Male,amassimoop@huffingtonpost.com,7926882398,Areguá,27
891,Rabbi Ferreo,Male,rferreooq@hud.gov,3355462902,Sarapul,34
892,Veronique Vesque,Female,vvesqueor@chron.com,4685205355,Nevesinje,53
893,Marshall Bourtoumieux,Male,mbourtoumieuxos@google.nl,2201881613,Longjumeau,40
894,Adler Dumingos,Male,adumingosot@wufoo.com,1609464831,Kolirerek,28
895,Vikky Gresswell,Female,vgresswellou@barnesandnoble.com,8126987080,Beidou,21
896,Amery Cesconi,Male,acesconiov@mysql.com,4525965912,Visaginas,44
897,Hally Batrop,Female,hbatropow@amazon.com,4609075398,Batroûn,45
898,Isac Trimmill,Male,itrimmillox@squidoo.com,4465295744,La Guadalupe,48
899,Janice Watchorn,Female,jwatchornoy@utexas.edu,4449132990,Xuefu,46
900,Matthieu Oiseau,Male,moiseauoz@bbb.org,7469813901,Amparo,50
901,Myron MacGahy,Male,mmacgahyp0@moonfruit.com,9136227307,Curridabat,21
902,Augusto Swepson,Male,aswepsonp1@a8.net,3077801746,Paiçandu,59
903,Lorne Daniel,Female,ldanielp2@is.gd,8649340075,Angoram,47
904,Sansone Beany,Male,sbeanyp3@hugedomains.com,9257582903,Pregrada,23
905,Agatha Gobeau,Female,agobeaup4@usnews.com,9891714246,Ḩakamā,28
906,Helli McCrorie,Female,hmccroriep5@ezinearticles.com,6702811242,Tocopilla,60
907,Sascha Brehat,Male,sbrehatp6@cloudflare.com,1528600484,Jerez,53
908,Nichols Crewe,Male,ncrewep7@ifeng.com,1935986413,Bagé,45
909,Rawley Parcall,Male,rparcallp8@amazon.com,3695755844,Beira,29
910,Lauritz Baugh,Male,lbaughp9@gnu.org,9212917855,Buk,59
911,Boycey Baack,Male,bbaackpa@mapy.cz,8612203788,Vila,28
912,Romola Pembery,Female,rpemberypb@wix.com,4254785831,Melres,55
913,Lamar Danbye,Male,ldanbyepc@sbwire.com,1915552964,Cimo de Vila,45
914,Dag Herreros,Male,dherrerospd@bloomberg.com,6739349998,Borzoy,35
915,Phyllys Maccrie,Female,pmaccriepe@ezinearticles.com,5071121099,Shiyun,60
916,Beverlie Stebbin,Female,bstebbinpf@usgs.gov,5267249707,Rodez,49
917,Cristen Steade,Female,csteadepg@who.int,5422845936,Russkaya Polyana,33
918,Netti Sieghart,Female,nsieghartph@hhs.gov,9033189431,Al Ḩawātah,32
919,Dene Exelby,Male,dexelbypi@bravesites.com,3691151331,København,24
920,Myron Gabbat,Male,mgabbatpj@usatoday.com,2673311176,Cirumput,26
921,Rivi Plumstead,Female,rplumsteadpk@blogspot.com,5815900244,Klášter,60
922,Livvy Lendrem,Female,llendrempl@abc.net.au,1918094614,Xianyi,48
923,Bald Jeandillou,Male,bjeandilloupm@amazonaws.com,9339772587,Callao,36
924,Tess Benck,Female,tbenckpn@naver.com,2848169302,Pokrovka,35
925,Kerwin Krahl,Male,kkrahlpo@google.com.hk,7589078478,Montepuez,54
926,Vincenty Slograve,Male,vslogravepp@jigsy.com,3026708749,Mỏ Cày,36
927,Selena Glinde,Female,sglindepq@archive.org,2168075029,Cleveland,56
928,Florance Harty,Female,fhartypr@google.co.jp,5743902967,Salaspils,31
929,Gunter Mangham,Male,gmanghamps@weebly.com,4831039151,Pa Bon,54
930,Tait Wilber,Male,twilberpt@feedburner.com,2036914721,Hamada,60
931,Worth Havvock,Male,whavvockpu@redcross.org,1045652181,Sindang,21
932,Avis Girdler,Female,agirdlerpv@youtu.be,4849464658,Stockholm,46
933,Mendie Domotor,Male,mdomotorpw@bbb.org,8119483406,Jietou,42
934,Riobard Blewis,Male,rblewispx@ask.com,3787970709,Arrën,35
935,Ash Halwood,Male,ahalwoodpy@skyrock.com,9023800567,Maţāy,44
936,Errol Lemmens,Male,elemmenspz@naver.com,5198444609,Koímisi,40
937,Edvard Habard,Male,ehabardq0@ted.com,2205745131,Puerto Madryn,57
938,Steffi Quinton,Female,squintonq1@scientificamerican.com,2735673752,Atarodangwautu,39
939,Harald Bonnin,Male,hbonninq2@delicious.com,1821310516,Qing’an,30
940,Wynn Brotherheed,Female,wbrotherheedq3@nps.gov,8835150097,Tatrang,35
941,Kristopher Stone,Male,kstoneq4@nytimes.com,9303840740,Bacabal,51
942,Corbie Cleland,Male,cclelandq5@1688.com,1859623516,Banxi,40
943,Niel Noades,Male,nnoadesq6@army.mil,3718804645,Novoye Devyatkino,25
944,Janka Nodes,Female,jnodesq7@engadget.com,2803520735,Lampa,58
945,Danica Bridgeman,Female,dbridgemanq8@storify.com,6438779648,Guandiping,30
946,Catharina Jewes,Female,cjewesq9@barnesandnoble.com,8719133251,Fushan,43
947,Ezekiel Wickham,Male,ewickhamqa@github.com,8264676131,Biljača,25
948,Jarrod Haglinton,Male,jhaglintonqb@illinois.edu,8786528171,Pulau Pinang,40
949,Lanae Mithon,Female,lmithonqc@quantcast.com,8357001414,Esperanza,21
950,Ettie Giannotti,Female,egiannottiqd@etsy.com,5416518551,Jijiang,52
951,Chev Unger,Male,cungerqe@clickbank.net,3759932376,Chambéry,25
952,Horace Mose,Male,hmoseqf@spotify.com,4936139474,As Sayyānī,57
953,Boycie Sphinxe,Male,bsphinxeqg@ifeng.com,3845671086,La Gomera,55
954,Pearl Dailly,Female,pdaillyqh@google.es,3683691455,Ialoveni,53
955,Adler Ailmer,Male,aailmerqi@google.co.jp,2636861341,Chernukha,31
956,Antonin Neighbour,Male,aneighbourqj@slideshare.net,2638751792,Palagao Norte,33
957,Robinson Keningley,Male,rkeningleyqk@baidu.com,7224899115,Frederiksberg,22
958,Bern Park,Male,bparkql@skype.com,6765890366,Shuangxiqiao,24
959,Tommi Novichenko,Female,tnovichenkoqm@ucla.edu,7126308083,Sarkanjut,52
960,Sheilah Diegan,Female,sdieganqn@harvard.edu,3347194105,Besko,49
961,Katharine Latan,Female,klatanqo@macromedia.com,5769391560,Tai’an,35
962,Georgeanna Lohde,Female,glohdeqp@foxnews.com,8588139793,San Diego,27
963,Spike Rutland,Male,srutlandqq@skyrock.com,9566684491,Kanganpur,29
964,Catie McGibbon,Female,cmcgibbonqr@zdnet.com,7094999919,Cavadas,60
965,Cindra Hawkswood,Female,chawkswoodqs@cnn.com,2143392976,Surkhet,55
966,Jose Mayoh,Male,jmayohqt@4shared.com,7689363588,Nanhai,49
967,Omero Glasard,Male,oglasardqu@tinypic.com,8222982909,Bīr Zayt,55
968,Gert Chicco,Female,gchiccoqv@lycos.com,6302348141,Neskaupstaður,40
969,Sadye Jovanovic,Female,sjovanovicqw@csmonitor.com,9142402399,Hưng Nguyên,49
970,Nealon Ludlom,Male,nludlomqx@wiley.com,3918949208,Misawa,36
971,Raymund Marlon,Male,rmarlonqy@unc.edu,2765015593,Rominimbang,28
972,Dill Dalla,Male,ddallaqz@freewebs.com,4455386304,Phanom Sarakham,37
973,Elyssa Ferrero,Female,eferreror0@google.com.au,2595181747,Mancilang,37
974,Poul Fentem,Male,pfentemr1@cbc.ca,4703874124,Alagoinhas,58
975,Donnamarie Broom,Female,dbroomr2@ebay.co.uk,9324937501,Sironko,56
976,Dall Royden,Male,droydenr3@is.gd,2556696067,Thành Phố Uông Bí,22
977,Thatch Alpes,Male,talpesr4@fotki.com,3137492112,Peace River,47
978,Nester Millwall,Male,nmillwallr5@dell.com,8697069395,Huoxian,57
979,Ric Jeanneau,Male,rjeanneaur6@zdnet.com,3255069951,Boawae,28
980,Hyman Exeter,Male,hexeterr7@sphinn.com,8121200607,Oslo,21
981,Clayborne Bish,Male,cbishr8@mapy.cz,8549787343,Barvinkove,25
982,Merrily Dimanche,Female,mdimancher9@blogs.com,6409078762,Pinara,33
983,Emmalee Hughlock,Female,ehughlockra@hp.com,8735035031,Sharm el-Sheikh,41
984,Sterne Skerrett,Male,sskerrettrb@rambler.ru,5713644555,Raychikhinsk,55
985,Nanice Winn,Female,nwinnrc@upenn.edu,6972472970,Zapala,57
986,Effie Lingner,Female,elingnerrd@slate.com,7299014730,Cerro Blanco,25
987,Lorenza Cockburn,Female,lcockburnre@nbcnews.com,9945092169,Venlo,41
988,Janeva Aldous,Female,jaldousrf@devhub.com,5718613130,Waenenda,27
989,Adrian De La Cote,Female,aderg@loc.gov,2385785798,Iroquois Falls,50
990,Damita Fonteyne,Female,dfonteynerh@wired.com,3773617153,Drumcondra,33
991,Eliza Sperling,Female,esperlingri@sphinn.com,3307087060,Shagamu,52
992,Guido Gockelen,Male,ggockelenrj@g.co,8887975212,Al ‘Āqir,32
993,Delphine Casseldine,Female,dcasseldinerk@comsenz.com,9762368712,Stanisław Górny,20
994,Rodolphe Normanton,Male,rnormantonrl@bizjournals.com,4426890811,Yaozhuang,55
995,Mariejeanne Cawthry,Female,mcawthryrm@google.es,2448014586,Nova Kakhovka,34
996,Del Grishukhin,Male,dgrishukhinrn@i2i.jp,4553734201,Sorol,44
997,Ellsworth Brownlea,Male,ebrownlearo@pbs.org,7231570178,Kaem,38
998,Ax Langhorne,Male,alanghornerp@admin.ch,8555661790,Australia Square,32
999,Julissa Bartczak,Female,jbartczakrq@patch.com,9755978037,Ruen,50
1000,Isis Yea,Female,iyearr@epa.gov,2199868207,George Hill,58
